person_id|first_name|name|email|physical_email|institute
1|ANDREA|CECCANTI|ANDREA.CECCANTI@cnaf.infn.it|ACECCANT@cern.ch|000000
2|KEITH|RICHARDS|keith@example.com|keith@cern.ch|000002
3|PAUL|MC CARTNEY|paul@example.com|paul@cern.ch|000001
